{"cameraMode":{"drawMode":0,"name":"Shaded","section":"Shading Mode"},"sceneLighting":true,"audioPlay":false,"sceneViewState":{"showFog":true,"showMaterialUpdate":false,"showSkybox":true,"showFlares":true,"showImageEffects":true,"showParticleSystems":true},"in2DMode":false,"pivot":{"x":30.744422912597658,"y":-13.314388275146485,"z":10.346794128417969},"rotation":{"x":0.18759003281593324,"y":0.4412960708141327,"z":-0.09490490704774857,"w":0.872406005859375},"size":23.65919303894043,"orthographic":false}