{"cameraMode":{"drawMode":0,"name":"Shaded","section":"Shading Mode"},"sceneLighting":true,"audioPlay":false,"sceneViewState":{"showFog":true,"showMaterialUpdate":false,"showSkybox":true,"showFlares":true,"showImageEffects":true,"showParticleSystems":true},"in2DMode":false,"pivot":{"x":2.5486631393432619,"y":-2.2540502548217775,"z":1.9599404335021973},"rotation":{"x":-0.5540725588798523,"y":0.2342551201581955,"z":-0.16612988710403443,"w":-0.7813818454742432},"size":4.039908409118652,"orthographic":false}